{"train/box_loss": 0.10666370391845703, "_step": 64, "_runtime": 839, "_timestamp": 1605401795, "train/obj_loss": 0.07971173524856567, "train/cls_loss": 0.10473386943340302, "metrics/precision": 0.0, "metrics/recall": 0.0, "metrics/mAP_0.5": 0.0, "metrics/mAP_0.5:0.95": 0.0, "val/box_loss": 0.09992019832134247, "val/obj_loss": 0.06437992304563522, "val/cls_loss": 0.10172601044178009, "x/lr0": 0.00010779334887750821, "x/lr1": 0.00010779334887750821, "x/lr2": 0.09620779334887751}